{"cameraMode":{"drawMode":0,"name":"Shaded","section":"Shading Mode"},"sceneLighting":true,"audioPlay":false,"sceneViewState":{"m_AlwaysRefresh":false,"showFog":true,"showSkybox":true,"showFlares":true,"showImageEffects":true,"showParticleSystems":true,"showVisualEffectGraphs":true,"m_FxEnabled":true},"in2DMode":false,"pivot":{"x":1.0241988897323609,"y":-3.2193310260772707,"z":12.433097839355469},"rotation":{"x":0.17292506992816926,"y":0.39369142055511477,"z":-0.07567267119884491,"w":0.8996463418006897},"size":16.450929641723634,"orthographic":true}